{
  "project_info": {
    "project_number": "912918123151",
    "firebase_url": "https://microp-d55c0.firebaseio.com",
    "project_id": "microp-d55c0",
    "storage_bucket": "microp-d55c0.appspot.com"
  },
  "client": [
    {
      "client_info": {
        "mobilesdk_app_id": "1:912918123151:android:5fc38ec607f13000",
        "android_client_info": {
          "package_name": "com.example.grant.micropfinal"
        }
      },
      "oauth_client": [
        {
          "client_id": "912918123151-604jkm9g99f98dfl3mocf5t9ka4mo2qc.apps.googleusercontent.com",
          "client_type": 1,
          "android_info": {
            "package_name": "com.example.grant.micropfinal",
            "certificate_hash": "e193a2d5505f6fdea97048cd4a8e50240b4ea08a"
          }
        },
        {
          "client_id": "912918123151-d8mh0po0vhi8lsutbbpgeojcnvmf3roh.apps.googleusercontent.com",
          "client_type": 3
        }
      ],
      "api_key": [
        {
          "current_key": "AIzaSyAAgERkHaRw7WUuZ007cBumczAgNJJ3sVE"
        }
      ],
      "services": {
        "analytics_service": {
          "status": 1
        },
        "appinvite_service": {
          "status": 2,
          "other_platform_oauth_client": [
            {
              "client_id": "912918123151-d8mh0po0vhi8lsutbbpgeojcnvmf3roh.apps.googleusercontent.com",
              "client_type": 3
            }
          ]
        },
        "ads_service": {
          "status": 2
        }
      }
    },
    {
      "client_info": {
        "mobilesdk_app_id": "1:912918123151:android:ed00983c5a409fa5",
        "android_client_info": {
          "package_name": "microp.ble_426"
        }
      },
      "oauth_client": [
        {
          "client_id": "912918123151-d8mh0po0vhi8lsutbbpgeojcnvmf3roh.apps.googleusercontent.com",
          "client_type": 3
        }
      ],
      "api_key": [
        {
          "current_key": "AIzaSyAAgERkHaRw7WUuZ007cBumczAgNJJ3sVE"
        }
      ],
      "services": {
        "analytics_service": {
          "status": 1
        },
        "appinvite_service": {
          "status": 1,
          "other_platform_oauth_client": []
        },
        "ads_service": {
          "status": 2
        }
      }
    }
  ],
  "configuration_version": "1"
}